customerID,actual_churn,predicted_churn,churn_probability
CUST_002867,0,0,0.08155179268587878
CUST_004632,0,0,0.15062789894264375
CUST_002449,0,0,0.1917030833787331
CUST_002799,1,1,0.6151378005787285
CUST_004890,0,1,0.6029475137410936
CUST_000742,0,0,0.21491814879643345
CUST_001458,0,0,0.13345639321362143
CUST_000918,0,0,0.36699764373603183
CUST_003172,0,0,0.13745687424279265
CUST_000035,0,0,0.16983862151854462
CUST_002534,0,0,0.4925189156180604
CUST_002013,0,0,0.18223938072061732
CUST_003761,1,0,0.3694504341531473
CUST_002588,0,1,0.590471389193755
CUST_001743,0,1,0.8218358215201021
CUST_003393,1,1,0.84605454160217
CUST_002352,0,0,0.44783892994317537
CUST_002607,1,0,0.3139307082731367
CUST_003281,1,0,0.47030247910270034
CUST_002443,0,1,0.7279514890823717
CUST_004172,1,0,0.38643051618411767
CUST_003525,0,0,0.45661043107261856
CUST_000347,0,0,0.2940644068445374
CUST_003166,1,1,0.5496196236191878
CUST_000218,0,0,0.45480078036146043
CUST_002941,0,0,0.3332807804488034
CUST_000501,0,0,0.10726388318376417
CUST_002089,1,1,0.5948712739680414
CUST_004501,0,0,0.19783871818414947
CUST_003814,0,0,0.17204861690913803
CUST_003532,1,1,0.7931335674626595
CUST_003484,1,1,0.9023487138965465
CUST_004158,0,0,0.12644196284603923
CUST_003663,0,0,0.14164897576332916
CUST_002178,0,0,0.17271318250206205
CUST_004367,0,0,0.354073532539556
CUST_001267,1,1,0.5470771155969621
CUST_001137,1,0,0.3958964754616524
CUST_003709,1,1,0.5135719529014534
CUST_000549,1,1,0.7512902635971273
CUST_002960,1,0,0.4193913414648404
CUST_001856,0,0,0.4786822582646962
CUST_003535,1,0,0.3729763992367297
CUST_004120,0,0,0.4318179874359943
CUST_004891,0,0,0.1680042561398954
CUST_003895,0,1,0.6042732937533102
CUST_001920,0,1,0.6669356529141887
CUST_001063,0,0,0.37740135444974515
CUST_000643,0,0,0.23931674124205587
CUST_002035,0,1,0.5685168243042052
CUST_000369,1,1,0.7983496096812532
CUST_000721,0,0,0.4517493961683528
CUST_004094,1,0,0.35041189806095424
CUST_002090,1,0,0.35197559823410524
CUST_000612,0,0,0.18826730117035798
CUST_003627,1,1,0.7040186664306166
CUST_002973,0,1,0.5481823405196471
CUST_002315,0,1,0.5470684098019283
CUST_004099,0,0,0.4199133577606177
CUST_003417,0,1,0.7123315358544734
CUST_001571,1,0,0.33726352084277605
CUST_000073,0,0,0.325834302424728
CUST_000939,0,0,0.19388033920076458
CUST_001240,1,0,0.33134614876385254
CUST_003371,0,0,0.14799699175455786
CUST_002761,0,0,0.11976255275696782
CUST_004935,0,0,0.4013792217310368
CUST_003900,1,0,0.38166469500619776
CUST_003750,0,0,0.08583737738709724
CUST_004709,1,1,0.5960323864616898
CUST_000788,0,0,0.49558604813981755
CUST_003148,0,0,0.4247902045580821
CUST_002302,1,1,0.6320107818843134
CUST_004806,0,0,0.37418444031320036
CUST_003347,0,0,0.2093777812607519
CUST_002446,0,0,0.36107190248735604
CUST_002314,0,0,0.4916035172356927
CUST_003969,1,1,0.5068461936934096
CUST_002595,1,1,0.7948014387165679
CUST_002006,1,1,0.7887378048334297
CUST_002094,1,1,0.8839970457840843
CUST_001444,0,0,0.1609404414254526
CUST_004874,1,1,0.5307020467218234
CUST_003143,0,1,0.5617215010477805
CUST_003118,1,0,0.23801398996218517
CUST_001828,0,0,0.47245048165917336
CUST_004360,0,0,0.41488214551678115
CUST_002881,0,1,0.6179181817626933
CUST_002700,0,0,0.09482553663618774
CUST_000680,0,0,0.263653584325953
CUST_000871,0,1,0.5611421953140976
CUST_000006,0,0,0.3935483849219369
CUST_001056,0,0,0.22823185518620293
CUST_002625,1,1,0.9251905258952853
CUST_003516,1,0,0.3028621515386539
CUST_004458,0,0,0.18965119376739945
CUST_004400,0,1,0.8777156949989744
CUST_001320,0,1,0.5638061101587458
CUST_001145,0,0,0.1706115831137902
CUST_004034,0,0,0.14841404625478505
CUST_000194,1,1,0.7544306400152723
CUST_000414,0,1,0.7523379292943031
CUST_004551,1,0,0.4927926331603987
CUST_003016,1,0,0.37858812062291924
CUST_003465,0,0,0.1876513751702144
CUST_004383,0,1,0.5436492929327169
CUST_004446,0,1,0.5665477887124653
CUST_004856,0,1,0.5101001487758536
CUST_000734,1,0,0.22735985147694107
CUST_000317,1,0,0.16088195937549257
CUST_004870,1,1,0.7694347314422361
CUST_001973,0,0,0.41804719318889055
CUST_003452,1,0,0.4739079874288721
CUST_000341,1,1,0.7659354110653229
CUST_003486,0,0,0.1925455337306571
CUST_002445,0,1,0.5482614553405707
CUST_004880,0,0,0.13772882894624996
CUST_001773,0,1,0.5263219414944421
CUST_000911,1,0,0.4102745836164749
CUST_004898,0,0,0.33280086047192226
CUST_001172,0,0,0.4172290361960567
CUST_002855,1,0,0.3011603270376613
CUST_001211,0,0,0.12442603506202214
CUST_002461,0,0,0.10866081497851171
CUST_000543,1,0,0.2042262372443175
CUST_002349,1,0,0.47943076345462826
CUST_003044,1,0,0.2577309588924102
CUST_003366,1,1,0.6290317210003107
CUST_000261,1,1,0.7620153962281494
CUST_001537,0,0,0.20514767227893352
CUST_004244,0,1,0.6940630713172362
CUST_000935,1,1,0.8610804549422262
CUST_001314,1,0,0.37085189484736314
CUST_001632,0,0,0.14439467726015615
CUST_002360,0,0,0.1271321331495202
CUST_001424,1,0,0.12518847941681563
CUST_004276,0,0,0.3928092812662208
CUST_000180,0,0,0.17659651999838452
CUST_004134,0,0,0.1377990755650144
CUST_000067,0,0,0.3206211832434455
CUST_004225,0,1,0.7710405891326411
CUST_001904,0,0,0.2808597369336922
CUST_004569,0,0,0.11131403800212843
CUST_004961,0,0,0.1792479231649857
CUST_001410,0,0,0.30175346862960767
CUST_002893,0,0,0.16471876571161626
CUST_004298,1,0,0.09313264571528859
CUST_002634,0,0,0.25635531511003506
CUST_003671,1,0,0.2578080890620972
CUST_003294,0,1,0.6412246469231161
CUST_002269,1,1,0.5669253109052024
CUST_004408,1,0,0.3918963754100578
CUST_002833,0,0,0.20613708032959455
CUST_004757,0,0,0.34623428553832913
CUST_004123,0,1,0.5779988730987834
CUST_003254,0,0,0.24445141976865084
CUST_004320,0,0,0.3455562524619567
CUST_002020,1,1,0.5223621563706525
CUST_004466,1,0,0.44918796323557053
CUST_002107,0,0,0.26147859813197777
CUST_004131,0,0,0.2546616087798532
CUST_003425,0,1,0.610228860040729
CUST_004511,1,1,0.6636381164964423
CUST_001279,1,1,0.836077191108123
CUST_004105,0,1,0.7095307273270675
CUST_002393,1,1,0.6842363842747442
CUST_004313,0,0,0.28079351534355873
CUST_004344,1,0,0.450655534754113
CUST_003849,1,1,0.8464160478538667
CUST_000187,0,0,0.11904321593124151
CUST_001191,0,1,0.6282530271066142
CUST_000722,1,0,0.2821589399227613
CUST_000300,1,1,0.6705959726028883
CUST_001822,0,0,0.20430938659453782
CUST_003753,1,1,0.7665302649248343
CUST_004425,1,1,0.5952272930501199
CUST_001202,0,0,0.22851562554855798
CUST_003924,0,1,0.572692762066819
CUST_002807,0,0,0.42397994693101676
CUST_004495,0,0,0.18522959951102289
CUST_001062,0,1,0.63155797514418
CUST_003760,1,1,0.7431515683973625
CUST_003835,0,1,0.7776408957335424
CUST_001609,0,0,0.4071730843929578
CUST_004349,1,1,0.5697203069837636
CUST_001078,0,1,0.5700807730978045
CUST_001508,1,0,0.2699067459014883
CUST_000746,0,0,0.4224371185460948
CUST_000748,0,0,0.28687490331123816
CUST_002189,1,1,0.5682336162101882
CUST_002181,0,0,0.2743090262948848
CUST_001882,1,1,0.6825098472917684
CUST_003878,1,1,0.5671990808232784
CUST_003867,0,1,0.6288211750629209
CUST_004713,1,1,0.5924373694095948
CUST_004115,0,0,0.13911522534745713
CUST_004085,1,1,0.7545938042423803
CUST_003537,0,0,0.435794804161797
CUST_004375,0,0,0.4350682475998059
CUST_001373,0,0,0.2043357731396913
CUST_003346,0,1,0.5104710884396207
CUST_002988,0,0,0.1991514381225766
CUST_002439,0,0,0.23588445134376007
CUST_003117,1,1,0.8253829038059666
CUST_001776,1,1,0.7199794909348928
CUST_004626,1,1,0.7301485950592591
CUST_003279,1,1,0.770387483191286
CUST_002290,0,0,0.11404210802593606
CUST_003055,0,1,0.5752899888009477
CUST_000867,0,0,0.25712804792224003
CUST_001317,0,0,0.11590551098580232
CUST_002001,0,0,0.23524517011695728
CUST_003844,0,0,0.10337088951697798
CUST_002064,0,0,0.2646813309546559
CUST_002864,0,0,0.18422625903336337
CUST_002260,0,0,0.3011443583339629
CUST_002149,0,0,0.14909650769140312
CUST_001024,1,1,0.7486636010257544
CUST_002577,1,0,0.11652463744011336
CUST_004010,0,0,0.1054244772173088
CUST_003792,0,0,0.39826982429250884
CUST_000020,1,1,0.7529274886511257
CUST_001369,1,1,0.7248826169918039
CUST_001034,1,1,0.709660056962797
CUST_003832,1,0,0.49148854387958224
CUST_003831,0,1,0.5730282329772716
CUST_003680,1,1,0.8307357507426736
CUST_003139,0,0,0.44725015194337875
CUST_004547,0,0,0.22076372671768965
CUST_001711,0,0,0.46348401547497353
CUST_002687,0,0,0.37999701572092975
CUST_003200,1,0,0.46850036969552467
CUST_004241,1,1,0.8693864720316009
CUST_004384,1,1,0.5508949411386803
CUST_003333,0,0,0.2096149691320222
CUST_000108,1,1,0.6596002457219338
CUST_004285,1,1,0.6965601283875266
CUST_003596,1,1,0.7581874219332179
CUST_004048,1,1,0.8200922424624576
CUST_004900,0,0,0.11684147131500247
CUST_003899,0,0,0.27237120642811796
CUST_003612,1,0,0.42276918030297395
CUST_003161,0,0,0.25181979855055003
CUST_001065,1,0,0.20237948863696423
CUST_003589,1,0,0.1082849255930012
CUST_002422,1,1,0.7736597998408198
CUST_003538,1,0,0.3229913550672402
CUST_001479,1,0,0.35060460722605574
CUST_003231,0,0,0.4573880183625676
CUST_000377,0,0,0.38042417856712474
CUST_002950,1,1,0.7502597324968787
CUST_000468,1,1,0.7704931337082314
CUST_000431,0,0,0.40116378660289415
CUST_001197,1,1,0.7270495914789953
CUST_003963,1,1,0.7426936131112982
CUST_002591,0,0,0.22910864652075202
CUST_001237,1,0,0.26694215729055565
CUST_002313,0,0,0.10739951797241984
CUST_000956,0,0,0.4419465173383018
CUST_002339,1,1,0.7531866879691749
CUST_001820,1,1,0.6485003954747409
CUST_003385,1,1,0.7390513972622489
CUST_003439,1,1,0.7371032366271166
CUST_004711,1,0,0.37409617742773665
CUST_004825,1,1,0.5728588026705104
CUST_004177,0,1,0.6396593110030365
CUST_001189,1,0,0.4477993396253466
CUST_001702,1,0,0.18101560212015994
CUST_003378,1,1,0.5248713579578095
CUST_001230,1,1,0.8103341168740121
CUST_004785,0,1,0.5258221889443846
CUST_001894,1,0,0.10481902448666101
CUST_001284,1,1,0.7642980213921661
CUST_003657,1,0,0.2540262932985125
CUST_000504,0,0,0.4048564704456762
CUST_003515,0,0,0.2845909108272438
CUST_004080,1,0,0.4104361706320341
CUST_001774,0,0,0.198758116769096
CUST_002467,0,1,0.5961490903106184
CUST_000761,0,0,0.13902130061924944
CUST_002790,0,0,0.3046349790152305
CUST_001523,0,1,0.6286430648251373
CUST_001591,0,0,0.1700548621260312
CUST_004110,1,0,0.4809841511534518
CUST_000359,0,1,0.5053529391052113
CUST_004868,0,0,0.2800206051935154
CUST_004936,0,0,0.19097296936089847
CUST_001644,0,1,0.6707878081739264
CUST_002012,0,0,0.2962616825890331
CUST_000965,1,1,0.7486159943538174
CUST_001294,0,1,0.7283635554890208
CUST_000882,1,0,0.4989348960800164
CUST_004303,1,0,0.43659618067291406
CUST_001185,1,0,0.24201024039029995
CUST_003380,1,1,0.5795569209922408
CUST_003549,1,1,0.5126630715207976
CUST_002826,0,0,0.14836463501358974
CUST_000002,0,1,0.541176330817307
CUST_003298,1,0,0.18163306127316214
CUST_003412,0,0,0.43692914212166284
CUST_003686,1,0,0.3052468671580021
CUST_003112,0,0,0.17779165679608158
CUST_001688,1,0,0.23914520859197302
CUST_002957,0,0,0.44827988617549336
CUST_000397,1,1,0.6683028189079995
CUST_000723,0,0,0.35224197714350214
CUST_001589,0,1,0.7572296427019155
CUST_001670,1,0,0.39261512313686997
CUST_001140,0,1,0.6327832656874766
CUST_003147,1,1,0.5187742484251145
CUST_003995,0,0,0.26799870426682054
CUST_004743,0,1,0.7849652922394859
CUST_001133,1,1,0.7456876939197733
CUST_002051,1,0,0.3530123111421067
CUST_000974,0,0,0.41859671520821307
CUST_004859,0,0,0.23305348993883918
CUST_000372,1,0,0.41564176931492347
CUST_003875,0,1,0.6136440263576532
CUST_003155,0,0,0.33747250553341884
CUST_000147,1,0,0.2855608218136403
CUST_004124,1,1,0.8691346539383945
CUST_004200,1,0,0.16583573021504136
CUST_004864,0,0,0.20180261053404813
CUST_000444,0,0,0.4280881985791333
CUST_004904,0,0,0.3129172060779352
CUST_001979,1,1,0.7494335541715462
CUST_002783,0,0,0.20522192708427842
CUST_001241,1,1,0.5746338526524254
CUST_003068,0,0,0.27043656250873166
CUST_004387,1,0,0.20194577363522764
CUST_001837,1,1,0.5315981470106765
CUST_003790,1,1,0.5961226664928664
CUST_000028,0,0,0.4320879540554574
CUST_004959,0,0,0.2728019120328478
CUST_001268,1,1,0.7631466749583445
CUST_003861,0,1,0.7534863104298907
CUST_003533,0,0,0.20604351509271468
CUST_003126,1,1,0.6237011903000982
CUST_002981,1,0,0.4767114649241495
CUST_004322,0,0,0.17309098915780335
CUST_001781,0,0,0.3073655058406915
CUST_003953,1,1,0.5916683675126264
CUST_001899,0,0,0.4105945494437575
CUST_004153,1,1,0.5865379459411602
CUST_000934,0,0,0.10190738132867218
CUST_003144,0,1,0.5535452884059316
CUST_004871,1,1,0.6056227466995323
CUST_002240,0,1,0.5228254498059698
CUST_004974,1,1,0.804300863484396
CUST_004186,1,0,0.422595734006334
CUST_002209,0,0,0.4315185232750831
CUST_002382,0,0,0.3213292317362294
CUST_000990,1,1,0.5935259223797503
CUST_002669,1,1,0.6737894075693431
CUST_004969,0,1,0.5228128668851425
CUST_001841,1,1,0.794498780719873
CUST_003317,1,1,0.7620304976100307
CUST_000217,1,0,0.4715045392090234
CUST_004210,1,1,0.8231201905407401
CUST_001981,1,0,0.28720075113019666
CUST_003324,1,1,0.5389028120731624
CUST_000751,0,0,0.39298804110881436
CUST_003877,0,0,0.4235620286317261
CUST_000276,1,1,0.8167406269754413
CUST_003584,1,1,0.5744280820525544
CUST_003887,0,1,0.7844124174898485
CUST_003377,0,1,0.8157919101219976
CUST_002486,0,0,0.12876299147428888
CUST_001132,0,0,0.10380943348341604
CUST_001173,1,1,0.6928290168736958
CUST_001126,0,0,0.19987117848480537
CUST_004998,1,0,0.3575548084929744
CUST_004792,1,0,0.24867303744479424
CUST_004726,0,0,0.4404056741041088
CUST_003159,1,1,0.6290334387927154
CUST_002656,1,1,0.5385769111828683
CUST_004673,1,1,0.6361454659276468
CUST_001986,1,1,0.7094764994536737
CUST_002681,0,1,0.5926009510484451
CUST_004786,0,1,0.7547783329340289
CUST_001221,1,1,0.677408168608194
CUST_003089,0,0,0.21929534969790285
CUST_002802,0,0,0.11569755231849785
CUST_004252,0,0,0.4970506975081645
CUST_004478,0,0,0.39649034111911996
CUST_001832,1,1,0.8414653132634221
CUST_001534,0,0,0.4497040025658493
CUST_003614,0,1,0.6056974293182815
CUST_003603,1,0,0.48151094218437335
CUST_003536,1,1,0.7488556100600338
CUST_000709,0,0,0.16661963504141775
CUST_002131,0,0,0.1355615545131522
CUST_001109,0,1,0.6210460410345632
CUST_001435,0,1,0.5188863907034085
CUST_000247,0,0,0.43945232161509223
CUST_002776,1,0,0.4483957166304075
CUST_003813,1,1,0.7516468672451394
CUST_002175,0,0,0.09134518882687513
CUST_002837,1,0,0.22368115386779058
CUST_001865,0,0,0.1334554809684601
CUST_002259,1,1,0.505778366918078
CUST_000756,0,1,0.6085773183013007
CUST_001910,1,0,0.2783596634136414
CUST_001727,0,1,0.7297884824547373
CUST_003409,0,1,0.6126967946747787
CUST_001777,0,0,0.2966976099075716
CUST_004481,1,1,0.5611233010588721
CUST_001816,0,0,0.13164332751074667
CUST_000066,0,1,0.7841757454100194
CUST_004622,0,0,0.4890795893243914
CUST_001860,1,0,0.3628174265608966
CUST_000997,0,0,0.13280785426298553
CUST_002547,0,0,0.1375182833100847
CUST_002682,1,0,0.47733409213767425
CUST_002055,1,1,0.8945958263345984
CUST_000469,0,0,0.2575442180964253
CUST_002531,1,1,0.6988218756783579
CUST_000949,0,0,0.37854536807522904
CUST_004628,0,0,0.3818818700647234
CUST_004794,0,0,0.21825036238280374
CUST_000091,1,1,0.5401444419469993
CUST_000404,1,1,0.579512071594059
CUST_003349,1,1,0.6522206510608523
CUST_004773,0,0,0.3828335802394436
CUST_001568,1,0,0.36027261148827266
CUST_002384,1,1,0.8776068244258727
CUST_001119,1,0,0.35152651908814014
CUST_003374,0,1,0.6990162020406545
CUST_001964,1,0,0.3303050044644945
CUST_003337,1,1,0.5518843074865396
CUST_002268,0,0,0.2481163878772627
CUST_001779,1,1,0.8596279072674602
CUST_004531,0,0,0.12719129318883093
CUST_003873,1,0,0.3563866331969811
CUST_004580,0,1,0.5738086213002055
CUST_002847,1,0,0.3934707911755852
CUST_000265,1,1,0.693408226152932
CUST_002100,1,0,0.49094189000010063
CUST_003296,0,1,0.6905425783021533
CUST_004226,1,1,0.7696896427394999
CUST_001258,1,0,0.3966558283622964
CUST_004051,0,0,0.405183783343606
CUST_001992,1,1,0.7870686009643638
CUST_004837,1,0,0.4210563337093126
CUST_001785,0,1,0.6902774144740007
CUST_001863,0,1,0.8062275233376693
CUST_002756,0,0,0.3332114419802646
CUST_002087,1,1,0.6160325739445397
CUST_001051,1,0,0.18744566028474
CUST_001157,0,1,0.7560836235605336
CUST_004621,1,1,0.5308936672530423
CUST_000913,0,1,0.8221398871361008
CUST_004515,0,0,0.1249765499806773
CUST_003053,1,1,0.6630981894529161
CUST_004409,1,0,0.34811356831080065
CUST_002032,0,1,0.780314231439976
CUST_002125,0,0,0.4865958758196152
CUST_000696,1,0,0.24595962182502612
CUST_004240,0,0,0.34763795588904495
CUST_001623,1,1,0.7525321518457752
CUST_003620,1,0,0.37488607998595214
CUST_001922,0,0,0.4193449585229629
CUST_001934,0,0,0.3136295062255026
CUST_001481,1,1,0.8018309065753236
CUST_003779,1,1,0.7849922950516194
CUST_002549,0,1,0.6260768388794214
CUST_000415,1,1,0.8048917844367841
CUST_003711,0,0,0.13486145611322112
CUST_000904,0,0,0.3625899713159122
CUST_003162,0,0,0.43551283895489035
CUST_001543,0,0,0.1470466110439969
CUST_001772,0,0,0.48653598356099975
CUST_003922,1,1,0.7518913589316589
CUST_004703,1,1,0.5275517109721142
CUST_002933,1,1,0.782076878291935
CUST_000947,1,1,0.7932908812005053
CUST_004282,1,1,0.6384185402348077
CUST_001225,0,1,0.5949378555057102
CUST_001554,0,1,0.7565566239088689
CUST_003901,1,1,0.7976871566063457
CUST_003420,1,1,0.8314487633857454
CUST_000178,1,1,0.6241417161720517
CUST_003570,0,0,0.41404004181570325
CUST_001181,1,0,0.4254602727706475
CUST_004232,1,1,0.5026192027106896
CUST_000385,1,1,0.6376543774107997
CUST_003994,1,1,0.726520790546411
CUST_000395,0,0,0.30767624944382077
CUST_004922,1,1,0.7873812612913443
CUST_001242,0,0,0.24902829196689039
CUST_000522,1,1,0.6664304468828847
CUST_002156,1,0,0.2169580891545159
CUST_000640,1,1,0.7745728389455413
CUST_002018,0,0,0.1684858335196918
CUST_001631,0,0,0.2717181646140933
CUST_004222,1,1,0.6946327631221206
CUST_001097,0,0,0.12445385597461574
CUST_000344,1,0,0.48677651621239365
CUST_002146,0,1,0.5475477484003147
CUST_004676,0,0,0.12042165612340092
CUST_001271,0,0,0.24588366847868245
CUST_001935,1,1,0.5368769466543014
CUST_002169,0,0,0.18215146755094694
CUST_000792,1,0,0.23102542580542576
CUST_004799,1,1,0.781152051628085
CUST_002180,0,0,0.2809374668265664
CUST_000136,0,0,0.379331602843178
CUST_001238,0,1,0.5385929381840352
CUST_001401,1,1,0.686413019153646
CUST_003629,0,0,0.1861249295877447
CUST_003163,0,1,0.5209819507701768
CUST_002839,0,1,0.6837829446399787
CUST_001613,1,1,0.6101137914674786
CUST_000953,0,1,0.7454947608179915
CUST_002914,1,0,0.20195480867996524
CUST_001853,0,1,0.6209450517075167
CUST_000306,0,0,0.38475021426633865
CUST_004218,1,0,0.4492111130248355
CUST_001122,1,1,0.7522635661262261
CUST_001335,0,0,0.2689925722839839
CUST_002044,0,0,0.1041704979520141
CUST_001324,0,1,0.8468951478172329
CUST_004283,0,0,0.18620920031967672
CUST_000282,0,1,0.5044892705097849
CUST_004088,1,1,0.6470708486614349
CUST_001839,1,0,0.23407279564843073
CUST_004274,0,0,0.18502792014022126
CUST_004912,1,0,0.34470514054316964
CUST_001638,0,1,0.7296901878710291
CUST_004076,0,1,0.6657626971418745
CUST_002152,0,0,0.35415209619212346
CUST_004405,1,1,0.6533779555019007
CUST_003202,0,0,0.26302778552274014
CUST_003990,1,1,0.5379645484822102
CUST_001775,0,0,0.18821609653563617
CUST_002798,1,0,0.3282510645951818
CUST_000648,0,1,0.5452231379230248
CUST_001906,0,0,0.34695299944966823
CUST_002489,1,0,0.35108668083644473
CUST_001201,0,0,0.34900216477547413
CUST_001029,1,1,0.8227942653487071
CUST_002298,0,0,0.30442653378130574
CUST_003970,1,0,0.18227234882844262
CUST_003063,0,1,0.7871266247796864
CUST_003177,0,1,0.6402051248011998
CUST_000055,1,1,0.9148352678000807
CUST_000334,0,0,0.45000278248124687
CUST_001450,0,0,0.447692953822126
CUST_003602,1,1,0.5675787603175518
CUST_004107,0,0,0.13655730245664197
CUST_002695,1,1,0.6443981240377574
CUST_000669,1,0,0.445670932648831
CUST_001635,0,1,0.5552190775998094
CUST_002859,0,0,0.2069778067391794
CUST_003145,1,1,0.6621094907765463
CUST_002523,0,1,0.6199980838412176
CUST_000876,1,0,0.1791857595585616
CUST_003045,0,1,0.7163619036203385
CUST_002457,1,1,0.8064603900705436
CUST_002398,0,0,0.31509981477053384
CUST_003496,1,0,0.4683550113101981
CUST_004038,1,1,0.7099249037847823
CUST_002300,1,1,0.7643105541663522
CUST_002311,0,0,0.19934400601454025
CUST_001883,1,1,0.8564525640444585
CUST_004498,1,0,0.38152360335943464
CUST_004635,0,1,0.7391663927774306
CUST_002915,1,0,0.4140715022767368
CUST_004572,0,0,0.4552824499426536
CUST_004503,1,1,0.794109797899566
CUST_003364,1,1,0.7154172470918556
CUST_002419,0,0,0.39957441211768674
CUST_000567,1,1,0.6436711670432591
CUST_001667,1,1,0.6391108119673496
CUST_000229,0,1,0.571736072908691
CUST_002299,1,1,0.5535198867710422
CUST_003383,0,0,0.25248563618738057
CUST_003216,0,1,0.5334136956516619
CUST_001275,1,0,0.31761920147093425
CUST_003192,0,0,0.32820585506510264
CUST_001415,1,1,0.8830499265516301
CUST_000636,0,0,0.26869672223899604
CUST_003071,1,1,0.5510198787971103
CUST_000168,0,0,0.19149863415053997
CUST_003113,1,1,0.5194920479765395
CUST_003054,0,1,0.7228389701742821
CUST_004614,0,0,0.2120274158536103
CUST_000998,1,1,0.9137700452892786
CUST_002554,0,0,0.1652375891947135
CUST_002186,0,0,0.49525117580822847
CUST_002773,1,1,0.8417098802743
CUST_004211,1,1,0.529447255647306
CUST_002842,1,0,0.3273445901075505
CUST_002765,0,0,0.3351719361772348
CUST_004888,0,1,0.5878936302224547
CUST_004867,0,0,0.15658790810733172
CUST_002200,0,0,0.2327061780995489
CUST_003175,0,0,0.4776638169437238
CUST_000275,0,1,0.6595966279037205
CUST_000226,0,0,0.4195270682851229
CUST_000846,1,0,0.4077540178517997
CUST_004787,1,1,0.8028936824712939
CUST_004064,1,1,0.5234591438942304
CUST_004092,0,0,0.21826236833851237
CUST_003733,0,0,0.2296917809742134
CUST_001087,0,1,0.5781488991821723
CUST_000221,0,0,0.2792994422929237
CUST_003600,0,0,0.13305003906339233
CUST_000575,0,0,0.29773590552862805
CUST_001246,1,1,0.6358728541141884
CUST_003951,1,1,0.9172703252661616
CUST_002622,0,1,0.6946179775541811
CUST_001848,1,1,0.6209661912239344
CUST_004727,0,0,0.4645257111798648
CUST_001398,0,0,0.33672375484436035
CUST_001511,1,1,0.9081102888480423
CUST_004530,1,1,0.7681128961835757
CUST_000483,1,1,0.5867681439309872
CUST_001389,1,0,0.3673064116696825
CUST_003080,0,1,0.7372359498186556
CUST_001567,1,1,0.7764680361439017
CUST_002104,1,1,0.7918816451103896
CUST_000755,0,0,0.15425664755705185
CUST_002431,1,0,0.4549578290539125
CUST_000044,1,1,0.7594369218488484
CUST_003669,1,1,0.5214467204403975
CUST_000600,1,1,0.682811079674482
CUST_001004,0,0,0.47947612776013276
CUST_004499,1,1,0.8328089743574274
CUST_004683,1,1,0.5581692068602352
CUST_002838,0,0,0.20164207907196038
CUST_002045,0,1,0.8684494028039881
CUST_002985,1,1,0.6523813903886656
CUST_000880,0,0,0.11286330289743725
CUST_002693,1,1,0.7324927341424888
CUST_004587,1,1,0.690055586627045
CUST_000897,1,1,0.6320259013402642
CUST_002553,1,1,0.5401529314230066
CUST_001936,1,1,0.50900693923438
CUST_003316,0,0,0.38849473304214743
CUST_002556,0,0,0.19957112085640422
CUST_003384,1,1,0.7789849054373658
CUST_001467,0,0,0.4418771483751452
CUST_000094,0,0,0.1405892186519825
CUST_003628,0,0,0.0954868321867029
CUST_002325,1,1,0.7177560538556743
CUST_004151,1,1,0.6854877499786687
CUST_003195,0,0,0.11882631758526534
CUST_003856,0,1,0.5422212971577395
CUST_002140,1,1,0.8032807912062231
CUST_003466,1,1,0.7941318638477751
CUST_000204,1,1,0.6260942662057137
CUST_004353,0,0,0.2181109345193596
CUST_000941,0,0,0.343752409229043
CUST_004716,0,1,0.7585445275070191
CUST_004690,1,1,0.5109963326090373
CUST_001407,0,0,0.07938363727720557
CUST_000451,1,1,0.7418903878647535
CUST_003400,0,0,0.16063289767433794
CUST_003151,0,0,0.4232773942247619
CUST_004437,1,0,0.12126005062347393
CUST_000903,0,0,0.43234861650713685
CUST_000017,0,0,0.476085367065887
CUST_004209,1,1,0.7396563326285869
CUST_002742,1,1,0.730807472864819
CUST_001545,0,0,0.41523653239812963
CUST_002471,1,1,0.7560887955439511
CUST_002407,1,1,0.9167615596724054
CUST_001682,1,0,0.48144295304401163
CUST_002252,1,1,0.7173820403565341
CUST_003717,1,1,0.6144377696821305
CUST_004368,1,0,0.35977572357292475
CUST_004680,0,0,0.14856030486704289
CUST_004147,1,1,0.7342862759413628
CUST_004906,0,1,0.774094417428567
CUST_002158,1,1,0.8267650929480749
CUST_001170,0,0,0.4771217671859563
CUST_000860,1,1,0.7097672867636659
CUST_003619,1,0,0.3876350246021014
CUST_004748,0,0,0.42202323524143126
CUST_001032,1,1,0.8379035410884216
CUST_000768,1,1,0.5831225956145694
CUST_003845,1,1,0.7672613405410954
CUST_001809,1,1,0.7381568429224556
CUST_002620,0,0,0.12903236584877106
CUST_003735,0,0,0.4767211499757299
CUST_004305,0,1,0.6119382437798896
CUST_003124,1,1,0.8095084835670463
CUST_003283,0,0,0.37813618332504634
CUST_001624,0,0,0.40010991188702694
CUST_002528,1,1,0.7479029000545503
CUST_000383,0,0,0.25931170455050195
CUST_001289,0,0,0.3129156884176983
CUST_001272,1,1,0.7042622796808555
CUST_001931,1,1,0.8894679078137521
CUST_004724,0,0,0.14685971682382054
CUST_002635,0,0,0.2323396100228676
CUST_004111,0,0,0.3083016017218794
CUST_002034,1,1,0.9019564792282153
CUST_004174,1,0,0.41419950129339594
CUST_000824,1,1,0.8499272049905905
CUST_004386,1,1,0.5495480192427483
CUST_001383,0,0,0.2325164706224969
CUST_004644,1,1,0.8512208414136779
CUST_003550,0,1,0.7120360831851192
CUST_003641,1,1,0.6174478210335494
CUST_004101,1,1,0.5199026073715481
CUST_004093,0,1,0.6337832822617097
CUST_004424,1,0,0.3945142362742714
CUST_003206,1,1,0.7587280134633534
CUST_000789,0,1,0.5138570813950117
CUST_004321,1,0,0.47706090312385213
CUST_003447,0,0,0.35342380115940525
CUST_002409,0,0,0.2610943078209064
CUST_003360,0,0,0.3433740560053243
CUST_000169,0,1,0.7918645516350297
CUST_001446,1,0,0.40901648418889247
CUST_001427,0,0,0.31788691253770085
CUST_000961,1,0,0.4074216355275121
CUST_001375,1,0,0.15933503260007897
CUST_001817,0,1,0.5795698892972674
CUST_000491,0,1,0.5828569539314603
CUST_001685,1,1,0.7547449145132358
CUST_000069,0,0,0.28937309963641555
CUST_004804,0,0,0.16993378120216324
CUST_003984,1,1,0.7621359340756888
CUST_003772,1,0,0.32572879023085516
CUST_002119,0,1,0.6173658852983849
CUST_001358,1,1,0.5604060046238014
CUST_001323,0,1,0.6278132533202825
CUST_004154,1,1,0.6005278164381288
CUST_002306,0,1,0.7140199853607164
CUST_000474,0,1,0.7099375393815335
CUST_000384,0,0,0.4373435895146392
CUST_001219,0,0,0.22380877849853176
CUST_000392,1,0,0.42438742648278827
CUST_001344,0,1,0.5512496606689812
CUST_001984,0,0,0.09908762749216012
CUST_001037,0,0,0.20991612237066778
CUST_000562,1,0,0.45333224608324113
CUST_001890,1,0,0.41514692491848676
CUST_004164,0,0,0.24329722982979968
CUST_004000,0,1,0.6591514711718642
CUST_002041,1,1,0.7513424687110485
CUST_004098,1,0,0.18378942312442678
CUST_002122,1,1,0.8521178920752569
CUST_001250,0,0,0.31560832713585857
CUST_003361,1,1,0.6472373136437899
CUST_004674,0,1,0.6927889854101357
CUST_002720,1,1,0.8082802047610449
CUST_000554,1,0,0.1729590840301995
CUST_002939,0,0,0.10621345388611438
CUST_003997,0,0,0.36144215008446107
CUST_000923,1,1,0.6113733768198246
CUST_001862,1,0,0.42015474955240223
CUST_003972,1,1,0.7611861865460696
CUST_003130,1,1,0.8020186871254993
CUST_004262,1,1,0.6791558173275507
CUST_003449,0,1,0.5544307079273754
CUST_002208,0,0,0.1832996909483777
CUST_000743,0,0,0.42199033888281495
CUST_002857,0,0,0.11518780692737574
CUST_000360,0,0,0.18541288866323893
CUST_004180,0,0,0.35319583160941914
CUST_002901,1,0,0.09813657997177005
CUST_004090,1,1,0.6423376343721963
CUST_000200,0,0,0.23190294197525768
CUST_001174,1,1,0.7568347693661654
CUST_002245,1,0,0.3297686640839734
CUST_001154,1,1,0.7816793299252094
CUST_002980,0,0,0.4255850258584371
CUST_002677,0,0,0.4870484922689234
CUST_001504,0,1,0.6269341999495006
CUST_002746,0,0,0.18340702969024703
CUST_001297,1,0,0.4198962067800515
CUST_002785,1,1,0.9026998537450659
CUST_001177,0,0,0.30644182416103016
CUST_003852,1,1,0.5475920331338203
CUST_001347,1,0,0.480245476344229
CUST_002937,1,0,0.42597131612789607
CUST_001232,0,0,0.4810241714096439
CUST_002193,0,0,0.329548489634189
CUST_001372,1,1,0.6800172599566616
CUST_001491,1,1,0.5705522692658768
CUST_000930,1,1,0.678271747351418
CUST_000843,0,1,0.5546657520856737
CUST_003695,0,0,0.19574980155592606
CUST_004947,1,1,0.7847444820821897
CUST_000544,0,0,0.2553313568370523
CUST_003007,1,0,0.2811894486162242
CUST_001016,0,0,0.37080660010918204
CUST_001494,0,1,0.6116747361576215
CUST_000511,0,0,0.3948400163798197
CUST_003593,1,1,0.5863334643506164
CUST_004985,0,0,0.1469265187213218
CUST_001013,1,0,0.39754813172857395
CUST_004692,0,1,0.7198379922614125
CUST_000737,1,1,0.5558591124386749
CUST_002984,1,1,0.8094413362980417
CUST_004762,0,0,0.2368459624816712
CUST_004277,0,0,0.25458485849393964
CUST_003110,0,0,0.44930637171638
CUST_003673,0,0,0.31132814180986207
CUST_002328,0,0,0.2611994425749692
CUST_004926,1,1,0.7367443748433519
CUST_004550,0,1,0.6207207080071995
CUST_001563,0,0,0.17123860594153792
CUST_001187,0,1,0.600022421191743
CUST_001340,0,1,0.5467025828505996
CUST_001106,1,1,0.5952449500425461
CUST_000295,0,0,0.30663875223672055
CUST_001595,0,0,0.19569869199585543
CUST_004248,0,0,0.3052243346931789
CUST_001916,1,0,0.10799484237267072
CUST_004897,0,0,0.09589284123898416
CUST_000593,1,0,0.4428763790890008
CUST_001359,1,1,0.8078119425208645
CUST_003158,1,1,0.5961062868591718
CUST_001031,1,1,0.6642947731610868
CUST_001299,0,1,0.6725397176650257
CUST_003857,0,0,0.4262288592537872
CUST_002005,0,1,0.5913195686299043
CUST_001430,0,0,0.17193728841761735
CUST_000086,0,1,0.687954991967596
CUST_002097,1,1,0.787772337428206
CUST_001368,1,1,0.7165195147637633
CUST_004221,0,0,0.3732862338557238
CUST_004704,1,0,0.40736565271971303
CUST_004300,0,0,0.34426474857498035
CUST_001961,1,1,0.5760274833022925
CUST_000850,0,0,0.392076009475992
CUST_004257,1,0,0.42316338524559216
CUST_004204,1,1,0.6057429233958199
CUST_003939,1,0,0.3762899326830606
CUST_004816,0,0,0.40586051901857995
CUST_004484,0,0,0.2523568306311144
CUST_001226,1,0,0.4094710984507647
CUST_000590,1,0,0.3480740790968898
CUST_001443,1,1,0.5967102878143723
CUST_002154,0,1,0.7056665207103456
CUST_002606,0,0,0.21615644614099783
CUST_002666,0,1,0.7482161437800596
CUST_002763,0,0,0.1830739717076717
CUST_001810,1,1,0.7353310801595189
CUST_000597,1,1,0.7254123542816623
CUST_002696,0,1,0.8123661721350046
CUST_004447,0,0,0.3350256605729814
CUST_001363,0,0,0.1498407291511707
CUST_002935,0,1,0.5362173709147502
CUST_004862,1,0,0.4861139500353822
CUST_003069,1,0,0.33984450854178877
CUST_000033,0,0,0.4375066368123998
CUST_004893,1,1,0.5957795856434818
CUST_001295,1,0,0.42232033271463437
CUST_003414,0,1,0.5813155982464362
CUST_004738,0,0,0.23905633171559404
CUST_001474,1,0,0.2551694970251328
CUST_002999,0,1,0.7318852213004008
CUST_002129,0,1,0.5253833056334041
CUST_002792,0,1,0.6419470460808072
CUST_004006,1,1,0.7076839763634025
CUST_003988,0,1,0.5257178022440369
CUST_003136,1,1,0.6061601547146731
CUST_001960,0,0,0.10078710190542423
CUST_004851,1,1,0.6441556868939952
CUST_000960,1,1,0.8088374002219462
CUST_003604,1,1,0.7341313133117302
CUST_000922,1,1,0.8273316043067241
CUST_000292,0,1,0.7556096692463188
CUST_002887,0,0,0.48016527995065417
CUST_001671,0,0,0.3855750711923968
CUST_000087,1,1,0.7262566272606439
CUST_001834,0,0,0.3717960527525909
CUST_004029,0,0,0.08600355134063094
CUST_004520,0,1,0.639993952856827
CUST_004685,0,1,0.8726235698992111
CUST_000311,0,0,0.146641104880333
CUST_001778,1,1,0.6667073471866027
CUST_003173,1,1,0.5586877537596323
CUST_004941,1,1,0.5910851251357996
CUST_003820,0,1,0.5532655659947326
CUST_001669,0,1,0.5702782272546548
CUST_002764,1,1,0.6559185415531156
CUST_000163,1,1,0.5214318084189538
CUST_003392,0,0,0.47536898305310954
CUST_002310,0,0,0.1111290040748471
CUST_000482,1,1,0.6631212272787288
CUST_004866,1,1,0.7528516325962983
CUST_001825,1,0,0.2420931070951911
CUST_004808,0,0,0.45161170945769125
CUST_004574,0,1,0.5304448447778527
CUST_001914,1,0,0.3100203876543649
CUST_000856,0,0,0.2440089969051247
CUST_000821,1,1,0.7718173017477576
CUST_003246,1,1,0.5080621538782918
CUST_003000,1,1,0.7394676493581086
CUST_000717,1,0,0.4259447776210321
CUST_000971,1,0,0.35738429136618266
CUST_003182,0,0,0.19641759823976074
CUST_001996,0,0,0.2499353394037311
CUST_002967,0,0,0.09057478270891037
CUST_000705,1,0,0.364012834524229
CUST_003558,1,1,0.7034701090804586
CUST_003710,0,0,0.330296086537357
CUST_001423,1,0,0.2609448387952655
CUST_002188,0,0,0.31097697672095775
CUST_000563,0,0,0.34226471613432474
CUST_003912,1,1,0.5781254733548029
CUST_000356,0,0,0.1665174323604671
CUST_002235,0,0,0.2336609630637822
CUST_002755,0,0,0.13242800609881752
CUST_001889,0,0,0.2322176214284175
CUST_000780,0,1,0.7939331172055877
CUST_003672,0,1,0.5230966364353639
CUST_001605,0,0,0.26910913703978934
CUST_003936,1,1,0.7477898184827396
CUST_004363,1,0,0.49110804801202096
CUST_001593,0,1,0.7019262421095579
CUST_003358,0,0,0.4792086291471261
CUST_003286,1,1,0.6020565998405999
CUST_002116,0,0,0.4784280479088641
CUST_003482,1,1,0.6207907280758101
CUST_002875,1,1,0.6253563713376551
CUST_003826,1,0,0.35390957905058096
CUST_002516,1,1,0.553699321207728
CUST_003702,0,1,0.5323146488853183
CUST_004176,1,0,0.18120358927114275
CUST_002831,1,0,0.20343001715463072
CUST_004992,1,1,0.5562105056602556
CUST_002080,1,0,0.18865133885554272
CUST_003255,0,0,0.4428593320112222
CUST_000325,1,0,0.20649082397681195
CUST_000429,1,1,0.677841726853595
CUST_002684,1,1,0.829057139285599
CUST_002760,1,0,0.4519928490079368
CUST_000376,1,1,0.5256542347194291
CUST_003065,0,1,0.5608229159899254
CUST_002872,0,0,0.15982315739184394
CUST_002848,1,1,0.5330320770564593
CUST_000857,1,1,0.6716924150260946
CUST_001370,1,1,0.7199935595614586
CUST_000003,1,0,0.1762950812035448
CUST_002295,1,1,0.7467835138924495
CUST_002243,0,0,0.28006561317022
CUST_002184,0,1,0.6659674167431918
CUST_002150,1,1,0.7135390085340162
CUST_003943,0,0,0.14959722301613826
CUST_002283,1,1,0.7973048601452261
CUST_004758,1,1,0.7088959166457557
CUST_004564,1,1,0.6938171528996184
CUST_003198,1,1,0.9157315654158926
CUST_002008,1,1,0.7966201848786262
CUST_003293,0,1,0.7776082371434724
CUST_001768,1,0,0.49583920153400735
CUST_003091,1,1,0.8122411201046655
CUST_003904,1,0,0.4726107468794753
CUST_003541,0,1,0.5904368405192323
CUST_004476,0,0,0.3216035780878452
CUST_002902,1,1,0.7755564411002184
CUST_002483,0,0,0.2026305252133249
CUST_003610,1,1,0.5216061366762755
CUST_001551,0,1,0.5051491205932781
CUST_002153,1,0,0.20840749386873128
CUST_004469,1,0,0.4824708425587148
CUST_003563,0,1,0.7312557929690157
CUST_003062,0,0,0.0807725786527958
CUST_002071,0,0,0.10846329995213441
CUST_001203,0,0,0.08211409287703407
CUST_000725,1,0,0.397758277516869
CUST_001827,1,1,0.75447776181421
CUST_003249,1,1,0.5385973473148252
CUST_004380,1,0,0.43395810305881183
CUST_003869,0,0,0.18402950134664428
CUST_001070,1,1,0.5709602921433202
CUST_003828,1,1,0.512518198308127
CUST_001482,0,0,0.4653515009492731
CUST_003088,0,0,0.169727244337539
CUST_001490,0,0,0.39199433821535984
CUST_003106,0,0,0.3834764162101322
CUST_001627,0,0,0.41146995020601157
CUST_000387,0,1,0.7244134178707275
CUST_002871,1,1,0.7335573521848462
CUST_004953,0,0,0.21810817165636784
CUST_002938,1,1,0.7883848161031202
CUST_004845,1,0,0.3095844996471751
CUST_002025,1,1,0.9284417487626169
CUST_002850,0,0,0.30465201721281054
CUST_002519,0,1,0.5797146985446621
CUST_003564,1,0,0.3344437189553365
CUST_004175,0,0,0.25056624626570445
CUST_000118,0,0,0.35102273820310553
CUST_003471,0,0,0.31266377815150853
CUST_001665,0,0,0.11492808745180452
CUST_004615,0,0,0.1450844848127936
CUST_002576,0,1,0.6783461786398427
CUST_001560,1,0,0.2144797270406742
CUST_004442,1,0,0.3004814334941636
CUST_001929,1,0,0.42493115428222744
CUST_000239,0,1,0.6891797816616935
CUST_003720,0,0,0.14692786085490636
